Frame,Pitch,Yaw,Roll,EAR,MAR
1,0.5471534052069662,-4.592072131922607,0.03680610168144357,0.1606678786629609,0.038223384230765635
3,-0.9794494914437976,1.89811316890534,-0.05979209393832321,0.25450724725145474,0.032573117099222816
4,-1.1456367506667442,1.7793771928117164,-0.05718437961689468,0.26368617170206254,0.01605403247669839
5,-0.9952529673582187,1.7571604992433152,-0.06566259827207295,0.2638648559423481,0.032573117099222816
6,-0.9580102541547495,1.7734873033270209,-0.06597262712768666,0.2822898021139584,0.0363456182092407
7,-0.8784438031669575,1.7075396988280576,-0.06444202040347694,0.27540782601870906,0.048762763800069824
8,-0.9057376118547139,1.7168056354067782,-0.0672848431794792,0.280083079309683,0.048762763800069824
9,-0.8606470292482076,1.550413313942585,-0.06764541217382052,0.27330530827448396,0.03694088278534636
10,-0.8060370781051646,1.552386366107543,-0.06947866202307412,0.2850463071877541,0.0331087713029081
11,-0.9309796501686107,1.4475845267631424,-0.0676181742374741,0.2505197049775517,0.032573117099222816
12,-0.8518012956494152,1.5070278716456196,-0.06598193412175535,0.24237241644870883,0.023309453375835523
13,-0.787166093291451,1.3877093550228108,-0.06625055524627747,0.2377431783279355,0.03359091824339452
14,-0.7724958354906521,1.3416751820599002,-0.0660005441726463,0.2480824495206797,0.03351066437142453
15,-0.7949471872372982,1.2375147670045725,-0.07129061274686692,0.2510173786716298,0.06718183648678903
16,-0.8345150403450659,1.2043922051606413,-0.07211144262824211,0.262574201093546,0.07042130260068087
17,-0.6468666410469485,1.202007389963792,-0.05936317571030512,0.25833615527428233,0.036264270531770976
18,-0.8866674090551289,0.9119168055436286,-0.05454379696968933,0.280542081976879,0.015961737689352443
19,-1.2826559420544736,0.9357223892590527,-0.06349092527957931,0.28698608742074966,0.03296454509560992
20,-1.18884540428314,0.9018153319024629,-0.07104836512995653,0.2834563398300598,0.03359091824339452
21,-1.5121592774545243,0.8463166737846992,-0.07906106972528429,0.27751581936747804,0.05135149722465349
22,-1.7358658617880758,0.7396752313519208,-0.07654461237011995,0.2758660220004193,0.03359091824339452
23,-1.866025676357944,0.7723401434124434,-0.07158682624755534,0.27982087875751516,0.0331087713029081
24,-1.680519594564684,0.7527555102438509,-0.07051316079208093,0.28663114411253243,0.03296454509560992
25,-1.6633216729338784,0.5292283411379985,-0.0723011496586531,0.2818179231141495,0.01679545912169726
26,-1.4817167029964489,0.6068968757372011,-0.07044144827140389,0.2905705322876717,0.03296454509560992
27,-1.2946680470982836,0.6783739388153248,-0.06863391979351288,0.2872317342548094,0.01648227254780496
28,-1.3412192258418234,0.5110178902075138,-0.0631313187871364,0.288884735898297,0.02293553851298437
29,-1.2652767735741772,0.45540067325888983,-0.06345743830606994,0.2813116262760805,0.03235500541329619
30,-1.244105329863839,0.36944621073830264,-0.06352588171647972,0.27597889628175026,0.01621787481269647
31,-1.1776378742665141,0.4030783955717829,-0.061531608250288965,0.2765485075190906,0.022878443733069187
32,-1.1633755601648113,0.35392983343948514,-0.06092524911071012,0.27745303466423243,0.0318464877649241
33,-1.1875600704182832,0.42741978068343284,-0.05932019294158118,0.2782290848079071,0.0318464877649241
34,-1.192727747301701,0.4638494148125183,-0.05856127479707352,0.27241855007511256,0.016177502706648094
35,-1.13741808146465,0.40853854866227013,-0.05853303752516947,0.2660015576252807,0.0318464877649241
36,-1.470468494885051,0.4123523455297447,-0.06061901593241443,0.24972904366586413,0.03235500541329619
37,-1.3636635441670246,0.4033500553858577,-0.05920222834355292,0.24606827494169672,0.036173995758251976
38,-1.202945580324564,0.5616493896253765,-0.06031436050434208,0.24699054404545828,0.036173995758251976
39,-1.1949008386033804,0.600354264866102,-0.06390618417512126,0.25535891399569577,0.051017752164504396
40,-0.8643118665051932,0.6285056227456643,-0.06473600724722144,0.2568801347350691,0.033324077930313514
41,-0.9492590397590422,0.6720777451598389,-0.06400219823579015,0.27487838234481715,0.051017752164504396
42,-0.630209456337368,0.7087240778457526,-0.06432683981512076,0.27388417058713066,0.037366536212012795
43,-0.5153430788206447,0.7083497537584846,-0.06395716343334924,0.2705837816250002,0.05097207495229386
44,-0.46298568784838967,0.7395201664076531,-0.06769357552073677,0.2805392906536631,0.03809696588797297
45,-0.5129872506263762,0.690836239716253,-0.06595186063884102,0.27192367367499803,0.03746606175284276
46,-0.3662389166093191,0.6247283116997066,-0.06627336634432891,0.27993836919341963,0.03809696588797297
47,-0.3406977264435047,0.6569289046186025,-0.06629403212215484,0.27675740138120886,0.03407496218479927
48,-0.5362357049369992,0.6852153926288623,-0.06530844055317706,0.2724756787445324,0.05038637736509177
49,-0.5594492332735862,0.6232296972960537,-0.06771311029579177,0.27810142573191987,0.05111244327719891
50,-0.6673032913962925,0.6630511772857766,-0.06240437573747763,0.2708267540639585,0.03351066437142453
51,-0.7459290956440794,0.6396827004354991,-0.06300249756868079,0.27157829650489246,0.03694088278534636
52,-0.7598678249982498,0.6802298727323386,-0.05985841557353798,0.28706358701461954,0.04944681764341488
53,-0.7373092537409348,0.749805296637641,-0.05965131155377944,0.2957816108860347,0.032508509200046554
54,-0.8699761390785857,0.8030077466086019,-0.05208978739343056,0.28955184441346604,0.03192347537870489
55,-0.8643474429110716,0.79050900565005,-0.05330167336826188,0.2918961866478685,0.03576907626408711
56,-0.8884939856471488,0.7860706430104689,-0.05163805960785666,0.28595938614136085,0.03142696805273545
57,-0.8708614436277934,0.7994587528282825,-0.05171209925872054,0.2780017247150578,0.03142696805273545
58,-0.864288749253794,0.7883400738118478,-0.051830707239363616,0.29098444704088444,0.03142696805273545
59,-0.8312979614109985,0.729417961453082,-0.05537573500189421,0.2772373120613411,0.03569153051241249
60,-0.8631295252055362,0.7171641035512549,-0.05423027186643817,0.28975696973202814,0.03569153051241249
61,-0.8338409297207043,0.7521118071526548,-0.05486844473705329,0.29140762937235354,0.03192347537870489
62,-0.8108031927511852,0.6986075089195135,-0.05355892957433757,0.2850627776537777,0.03192347537870489
63,-0.8856536476035398,0.6797260435268369,-0.05326444100086215,0.2850627776537777,0.03192347537870489
64,-0.8061164200362243,0.7144265493146364,-0.05412303269686605,0.2850627776537777,0.031992834407549194
65,-0.6504443252748161,0.7667580972117114,-0.05536037915698041,0.2850627776537777,0.03192347537870489
66,-0.6124310991089568,0.7212027179657803,-0.05530062144798835,0.2893959746409219,0.032508509200046554
67,-0.517903654025066,0.7398056191290242,-0.054741750495706065,0.29752481789548313,0.03243574962539294
68,-0.6930014368500005,0.7202622623651856,-0.05395783519614685,0.30386966961405903,0.03192347537870489
69,-0.5843919194071157,0.7319342718124652,-0.05493469177597236,0.28899255707831145,0.03569153051241249
70,-0.5521642428722653,0.8141022511139683,-0.052473759005762295,0.2922456192799243,0.03192347537870489
71,-0.8500676902205786,0.7703947097980438,-0.05704544186242145,0.2849533802531818,0.03192347537870489
72,-1.9080863754209099,0.8762249448073401,-0.0618256824297299,0.30756028343090724,0.047885213068057327
73,-1.7942428523660563,0.7565661474087138,-0.06297775174191886,0.293794277837532,0.032508509200046554
74,-1.793930787177201,0.5140937506394823,-0.06317918521271206,0.2714321901957786,0.03243574962539294
75,-1.9382378500650597,0.49005565502583043,-0.06493780576852061,0.23285456197178095,0.048762763800069824
76,-2.0003783888230067,0.6274869131933758,-0.06622844950265555,0.2349731109219202,0.049663156954362145
77,-2.07790842678435,0.861669435382877,-0.07053459336424522,0.2384835281245084,0.052349563923405104
78,-2.0153457604462264,1.0344875278644052,-0.07226913067453698,0.23717108628390438,0.0331087713029081
79,-2.081099069596928,1.254394934436747,-0.07855580923069409,0.25306218191381813,0.05049331709069557
80,-2.3576423326704026,1.3521031106050214,-0.07874318746115433,0.2647320446833137,0.033167906340332974
81,-2.0065757325266285,1.5849965930812981,-0.07103174259623052,0.2682838429170051,0.04975185951049946
82,-1.6239384678183522,1.7665848370217287,-0.0653308575973263,0.27158036703701904,0.03210806495339678
83,-1.17793508928054,2.036916855183913,-0.05904404227602476,0.2560968887276954,0.03215367596812403
84,-0.8559468285262435,2.3672496257814464,-0.05956573084008774,0.26272826701993535,0.016076837984062016
85,-0.8369078255616296,2.4740278366679416,-0.0609709739569963,0.2638091201683771,0.016338647889054304
86,-1.0998265108934175,2.7243007654602716,-0.06424160557602471,0.2638091201683771,0.0
87,-1.2765363890364323,3.034364832473086,-0.07186736112419209,0.28839242046596103,0.015841118295695487
88,-1.247818706501976,3.0793497648178265,-0.07592377420203986,0.2747556495195551,0.0161101838077742
89,-1.3931041117733762,3.188863724376702,-0.07667224281797691,0.2703468272344549,0.0322203676155484
90,-1.1891103839502597,3.253936656455838,-0.08232447293726372,0.26137638030479965,0.023938794927456073
91,-1.0474009687789636,3.064025089320015,-0.08198525467284859,0.25904712382354883,0.016927284226638313
92,-1.0990886427415507,2.988474180734361,-0.08192704430764386,0.2472867533243967,0.016927284226638313
93,-0.9942547168006916,3.0155292067789357,-0.07907182300100107,0.26120949371153535,0.016645872314630744
94,-0.8641222102606252,3.0780258337244497,-0.07798673384712458,0.2542410336938363,0.023938794927456073
95,-0.6564987887091758,3.102883168478698,-0.08084697461794825,0.27562864713961366,0.023938794927456073
96,-0.7828589657104887,3.193138819152297,-0.08037880547688711,0.2386370659138542,0.03446227583977888
97,-0.5399283104948973,3.397848069265988,-0.08156474953013805,0.23540328876354533,0.01723113791988944
98,-0.6257915932702353,3.2885183741453785,-0.08359077980365599,0.2342652964360329,0.01723113791988944
99,-0.7635025497406025,3.131949886729123,-0.08069609802839307,0.22850322489339916,0.02395596150902933
100,-0.7073271709620825,3.11321559434726,-0.08213606350842598,0.23845695285211288,0.023966279201637068
101,-0.7735296640602574,2.9361180759935928,-0.07551455262137358,0.25242642039123253,0.023557142371577276
102,-1.0643696154983864,2.5792743523332278,-0.06980354754455365,0.2557673124259777,0.01638463841038081
103,-1.149333201965038,2.4490960645416497,-0.06596546700794127,0.2548483798600887,0.023171377854539692
104,-1.3911793269927404,2.3977099246113793,-0.05582937049017853,0.21878084364920033,0.022762572680299274
105,-1.6465656242823326,1.8621199255695948,-0.04506341212006954,0.2141087800612545,0.015594571538795133
106,-2.0693812528993996,1.6312954543114961,-0.04276813908852589,0.2244921370213087,0.015556784782176378
107,-2.2007733408491172,1.2912669222524085,-0.04146606945073942,0.22672112699318464,0.021966088569534453
108,-2.453352803988152,1.3748683264209551,-0.05686049413562331,0.2375899838560796,0.03210806495339678
109,-2.6607785207533214,1.4088277922354095,-0.06203694860016579,0.24878922000211634,0.032573117099222816
110,-2.307504797056079,1.6078596849583737,-0.06932280300920544,0.24149361427123234,0.023488808780588143
111,-2.381575543492589,1.7547397903411237,-0.07567638465683094,0.2502783635768644,0.023518021709589935
112,-2.135511751394472,1.7666690858841954,-0.07071650796313929,0.24588957323555327,0.037812656199087975
113,-1.9429959075833483,1.8970371830664174,-0.07511064809461875,0.2507527412915784,0.017200522903844537
114,-2.0390945786411905,1.783929752083676,-0.0792603651100355,0.26232685934234856,0.038410434305779104
115,-2.020636927493581,1.8851467498039374,-0.08013691724769154,0.2649714392047256,0.017200522903844537
116,-2.033836172296165,1.8429080327282623,-0.08013220171641967,0.26895103354069283,0.038461538461538464
117,-2.168992526460613,1.877874842978503,-0.07798067686029185,0.26569145851339104,0.0343553368612048
118,-2.4470285988696285,1.7005063248993133,-0.0784475028151654,0.24022310248864132,0.0343553368612048
119,-2.333607237448358,1.919682633346345,-0.06399038889496295,0.2341079858341268,0.023488808780588143
120,-2.0198815042242244,1.7830237411797925,-0.06483734927338453,0.23755346128644397,0.016609095970747993
121,-1.8259030257732785,1.9203222435163367,-0.0604723479998761,0.23388047975587817,0.036480804290943664
122,-1.9724055266925495,1.9565396881172386,-0.06593968413925734,0.2579757076860225,0.016314711653683207
123,-2.0979659435016256,1.7577456329801004,-0.054644159994324745,0.25397569836776146,0.01580151543799924
124,-2.2629286525456154,1.7642574343913435,-0.06304596669652203,0.2595657316865042,0.01577593229640665
125,-1.933360441931273,1.9460073827943565,-0.07674736521787108,0.2618057620532603,0.033218191941495986
126,-1.8490455410023208,1.5719955924523459,-0.07956074692524026,0.25980724327098664,0.038410434305779104
127,-1.8735166410258333,1.7033306579550846,-0.08013986431383482,0.2637559293645914,0.03429971702850177
128,-1.7641096407296346,1.89639091494577,-0.08668327461062,0.26187004980886475,0.03489492817268092
129,-1.6946773724540276,1.7326236649735853,-0.08496836998382594,0.25512564869980114,0.03489492817268092
130,-1.9445915090671995,1.6628114003124406,-0.08769472160206392,0.2565543655386156,0.05335916278470332
131,-1.6207747928168046,1.7217555055936677,-0.08823812715162387,0.26003393046311296,0.03551104121142175
132,-1.4647304640079228,1.7641312482931533,-0.09021587565957258,0.25592014700087523,0.03551104121142175
133,-1.7532022158520757,1.5820993054687271,-0.0928456759683917,0.24628422839773037,0.054223755087708804
134,-1.5746508760716924,1.5576179811053947,-0.0965624380207776,0.265965867274881,0.036810508691615514
135,-1.3952122853480304,1.7560536656405774,-0.0895094271119054,0.2817509405085278,0.03551104121142175
136,-1.3686761539288248,1.766586441290211,-0.08470947818275283,0.27148831139651686,0.03489492817268092
137,-1.343870011896516,1.7493585098772133,-0.07907182300100107,0.2760709920362095,0.03423433148310233
138,-1.302983040074992,1.7405075106702155,-0.07624226004684485,0.2761070111121582,0.03423433148310233
139,-1.2193526202879779,1.7346189601577298,-0.07457989550466809,0.28134441998450765,0.03372436736578388
140,-1.4099510557951842,1.781748417471762,-0.07360899495079981,0.2689843881401066,0.01686218368289194
141,-1.1647210825029757,1.8246540222505383,-0.07207540737924975,0.25318740729614475,0.033167906340332974
142,-1.1002313010154332,1.9236363216676615,-0.07131909732884734,0.25340291487601957,0.016583953170166487
143,-0.9568097157775844,1.8385785973921387,-0.07062560923475339,0.25764109775418353,0.033167906340332974
144,-0.834656531574778,1.8539605618733137,-0.0705312449541544,0.2787936273312779,0.016314711653683207
145,-0.8026673884439203,1.9435639540249858,-0.06691950820341525,0.26725226386824064,0.032629423307366415
146,-0.8419394042084811,2.097088483005332,-0.06735150110383961,0.2610545045514984,0.033167906340332974
147,-1.0442866308767618,1.9748684494935216,-0.06055742746720422,0.26817960855050904,0.03210806495339678
148,-1.053003894776171,1.8903923101865914,-0.05734604821788249,0.27210280945680465,0.015823260199624396
149,-1.0164233554190036,1.880093958791375,-0.05626256132236823,0.2803706536928414,0.015556784782176378
150,-0.9910391929440253,1.8442312185085412,-0.05164720604851289,0.28908745312036277,0.015577533458581929
151,-1.0931221383659107,1.6480970431166615,-0.04462947208650473,0.2654459346661454,0.030638974739014484
152,-1.341553329563401,1.4729916140158845,-0.039859552626883024,0.26453217629473413,0.030178582014172842
153,-1.4207772503525802,1.2266674391046104,-0.025590249661368643,0.24430335569939426,0.029257155849711277
154,-1.4890620041826605,1.1158014035153283,-0.0315727664596064,0.24972046763407696,0.029157493117351784
155,-1.526659571589856,1.0553514723109116,-0.04716826720945312,0.2499978197574338,0.03047845743896501
156,-0.969182588990674,1.2868491627495462,-0.06683758033151921,0.2598416683656778,0.032508509200046554
157,-1.0779514822012142,1.2279648444587978,-0.07988069760063185,0.280542081976879,0.05049331709069557
158,-1.3027364727055715,1.1653060147333931,-0.08316589761860946,0.2753335000318796,0.05049331709069557
159,-1.606459245201975,1.1456991299907655,-0.08448669990673066,0.29592592732999823,0.03423433148310233
160,-1.7842229172484456,1.022161018768963,-0.08906505132458122,0.304232669220855,0.052342392259021375
161,-1.7562503071419038,0.9651973946447172,-0.08880161381879245,0.2843952820555494,0.03489492817268092
162,-1.6191996221732838,0.8499586077031902,-0.09267101268174421,0.30663782422302316,0.054223755087708804
163,-1.8563491614566765,0.9856709082842425,-0.09318540378097138,0.2931494930303923,0.07242859683401483
164,-1.7129264743848165,0.9966181174757541,-0.0926439945216588,0.2809026596430414,0.054223755087708804
165,-1.587137190421288,1.1100004919563309,-0.0948687828125246,0.2918840112233196,0.054223755087708804
166,-1.741132043686298,1.0093860394257559,-0.0937760845699335,0.2835357918926298,0.036214298417007414
167,-1.7558758059421282,1.1400470424405071,-0.0956082612119943,0.27566274837009114,0.07452342321474881
168,-1.5510480309758943,1.1709707489490133,-0.08911965945147059,0.28156701241668103,0.03551104121142175
169,-1.5618950478017672,1.1445035603110243,-0.06345892699123795,0.23776870355418195,0.016254254600023277
170,-1.5841396396546998,0.9845455050661311,-0.055251913858088864,0.2390024191553482,0.015996417203774597
171,-1.551936801344287,0.7833791914012292,-0.05494414911825801,0.23300540857965646,0.03243574962539294
172,-1.4641859198046934,0.38209855472314264,-0.057690136628178824,0.23208902731354508,0.03243574962539294
173,-1.3781856318323342,0.15434631338350527,-0.05927558529723414,0.23560497783138779,0.036760731104690386
174,-0.884323535365554,-0.062186762537645414,-0.06373818208006614,0.22877028837248511,0.03342164602150724
175,-0.5274118037495061,-0.06374855625381526,-0.06854646125657686,0.23940694263377776,0.03407496218479927
176,-0.4091528305823271,-0.0595720743684167,-0.06789562762666228,0.24238548325517484,0.03398138330152924
177,-0.36267093272091333,-0.10038820257770527,-0.0668446470341887,0.22749334738563054,0.03342164602150724
178,-0.41739127586136365,-0.008606038354216129,-0.06541539465043457,0.24755971471223265,0.05111244327719891
179,-0.40133384132062727,0.08624131532904185,-0.06467176617231046,0.2503278409801775,0.05111244327719891
180,-0.6461081689314448,0.07037234756121952,-0.06366254778777844,0.2664943034709734,0.032879797461071454
181,-0.6650405140767376,0.24354045890671194,-0.05792627623936585,0.24904869380461486,0.036264270531770976
182,-0.7945312672562029,0.254645739394838,-0.05670827029303182,0.2421052660796719,0.036173995758251976
183,-1.0069231406827164,0.13163810226818082,-0.058241802427597425,0.23702435779988268,0.04865362443808941
184,-1.084089943586681,0.09906151034932538,-0.05733863464462694,0.22688447919040045,0.04853250811994428
185,-1.04291856811357,0.20783890799915786,-0.05877623837081755,0.24699054404545828,0.03296454509560992
186,-1.2697681015877742,0.18072314637216147,-0.06159835743814956,0.25232537317162573,0.03235500541329619
187,-1.1419394193991934,0.13053114730396057,-0.07303500551924048,0.261207183495454,0.05183984340243757
188,-1.1849770884946544,0.19744812284624513,-0.07758169670004526,0.26602026073291346,0.03407496218479927
189,-1.1818941179460523,0.16817566968738676,-0.083552346219738,0.269112666842269,0.03474715709304717
190,-1.227772346598882,0.16442445201385528,-0.0930235657528901,0.2637855771196245,0.05596975962376915
191,-1.37129391180273,0.13641005712748025,-0.0934056401074249,0.2783924568983932,0.053977442142791536
192,-1.336865063958119,0.1363705767034014,-0.08041405676378476,0.2684694516457295,0.03942388975758579
193,-1.2475548000457435,0.01755983055998017,-0.06617921988744027,0.2761293847973755,0.03342164602150724
194,-1.1644478350933618,0.03252341082329127,-0.062871909860204,0.26974398292727314,0.036760731104690386
195,-1.3771248839399002,0.1034835534864394,-0.0580525297771824,0.2554642378282959,0.03243574962539294
196,-1.3315753046800134,0.2007178169042263,-0.06234833908206511,0.2656160953058438,0.01648227254780496
197,-1.267193225889526,0.19540460967941573,-0.06288468038250411,0.261207183495454,0.03296454509560992
198,-1.281228596181622,0.06787544948222969,-0.0669131553200809,0.2697938263516386,0.03296454509560992
199,-1.2700964555482093,0.02357862522356508,-0.06321804999695671,0.2531581233794382,0.036855481840570546
200,-1.2487072342552072,0.08397864797571486,-0.059743095029473774,0.2596701036365584,0.03243574962539294
201,-1.3027928889423281,0.0003073585126505738,-0.0587746310793404,0.22855737989469027,0.015996417203774597
202,-1.2539460028313483,-0.02042489244523494,-0.059151942299119395,0.2404556676844843,0.032054410459402
203,-1.2378255758264152,-0.005633974598841203,-0.05786100533636975,0.25629108340133966,0.032573117099222816
204,-1.2101614897638713,0.05044239211435574,-0.05697087154241196,0.25189177144760333,0.032573117099222816
205,-1.158827030470145,-0.12750044674870717,-0.05501974933417703,0.25945764698934604,0.032573117099222816
206,-1.216391419304208,-0.0768365545160872,-0.05522540573021992,0.26626648770047356,0.032054410459402
207,-1.1100464064487634,-0.08694335167943036,-0.05147314575689697,0.26367821860588364,0.016076837984062016
208,-1.0584616804569227,-0.13436384001356594,-0.04784437819791991,0.2725352529738146,0.016076837984062016
209,-1.0843087338881405,-0.1598007127884758,-0.0489925998354073,0.2594189493019396,0.016076837984062016
210,-1.0444077085240613,-0.286718215153531,-0.04848866698391433,0.2732023560949395,0.01609556949949126
211,-1.2372051781711264,-0.2572006813620022,-0.04722131194781875,0.26334590691478543,0.015841118295695487
212,-1.4056981346880617,-0.18472604595176703,-0.04456910399781525,0.26453286813494536,0.015823260199624396
213,-1.3831118728462384,-0.2796866202852049,-0.04032140726329377,0.2548117655708956,0.015594571538795133
214,-1.3504672707974603,-0.32591758133300913,-0.04187188685849408,0.2603569249491128,0.031189143077590267
215,-1.498456474773122,-0.34218914922188237,-0.03818303310406834,0.2636298922207081,0.030736511072267245
216,-1.5533779123135878,-0.3493083182638235,-0.03991875998049287,0.2668823156349118,0.04682358629858615
217,-1.4517027696161193,-0.4581357774047467,-0.03966592299444888,0.26360869870209136,0.04610476660840087
218,-1.6127257565256183,-0.4959236030830401,-0.038164472722636913,0.2693893426308839,0.04610476660840087
219,-1.4508474999869292,-0.662857879647202,-0.03679454983672275,0.2696192065093127,0.031189143077590267
220,-1.449951689681652,-0.8345855625723833,-0.049629596949865455,0.27581486550575984,0.04833055142332259
221,-1.6206815609126752,-0.8284871371795057,-0.05234307348806032,0.27782526830514265,0.051729520295501256
222,-1.9519226506200837,-0.8845837266270438,-0.06127005195905581,0.269378597151815,0.03377723067447225
223,-2.3641265579834014,-0.7064778995454427,-0.04973132919722811,0.23637002241708055,0.01609556949949126
224,-2.0923178311290274,-0.547570124151665,-0.04655644524204964,0.2236350101604052,0.015855049805149804
225,-2.0585191088749855,-0.29963924093280575,-0.045674550515179185,0.2361334507708835,0.0322203676155484
226,-1.7433487283994982,0.04345292862002828,-0.05135463173051878,0.24637440638558258,0.0322203676155484
227,-1.812148022587995,0.183939368921401,-0.0457107316578844,0.237991646105017,0.03224129401095805
228,-1.9075696444001078,0.26555099580454494,-0.038083939877623915,0.24155475125132864,0.03173004683477357
229,-1.7835957821546935,0.34221413293492947,-0.04395549123114466,0.22338508593045459,0.03171009961029961
230,-1.9181994598542975,0.4328944704904951,-0.04424574982478229,0.22183339467528157,0.031215724199057434
231,-1.7562527545994835,0.3768962377864349,-0.07201836934889459,0.2402558454671507,0.0344367236186934
232,-1.5662616160732614,0.4479163771828991,-0.07623482528337772,0.24943765170969354,0.0356631475810746
233,-1.3970682573150144,0.4060276916242569,-0.08906399064122207,0.26401202813044256,0.05759653509666974
234,-1.4257491776868552,0.3593005237437697,-0.09447562743456256,0.2575774093990398,0.07669649888473704
235,-1.5907048454997892,0.3770149021488962,-0.08977920583639973,0.26362559469733954,0.05644325210301584
236,-1.809137792960337,0.47488431946536847,-0.07303371202865762,0.2693106519536926,0.05073100180259372
237,-1.6352325890464023,0.3166105991467265,-0.05841914341143452,0.2599821612948421,0.03271662128033808
238,-1.5157229162157917,0.35566559736520464,-0.0521468840274913,0.26613364151361557,0.03168223659139097
239,-1.4258596609208831,0.4479999944956595,-0.05652305498600726,0.26381759557705775,0.01609556949949126
240,-1.7686573798720242,0.3203351111433247,-0.06972229872263884,0.26613364151361557,0.033218191941495986
241,-1.7861591445354015,0.1030008775585924,-0.07455962578579405,0.26613364151361557,0.050586551048675814
242,-1.753415609785869,0.04767525859908353,-0.0718193660464795,0.2605514448094224,0.03372436736578388
243,-1.8074237661144283,0.0036754732358873963,-0.07184501124138594,0.23784876813503608,0.03429971702850177
244,-1.909872229909066,-0.03980975039977903,-0.07166200658160334,0.24378836836676815,0.0343553368612048
245,-1.620349799523988,-0.21223522598793546,-0.07596420203409478,0.24924569752372078,0.03495349908593761
246,-1.7008513888790315,-0.3761774384843898,-0.09356176892174072,0.2579496306975807,0.05547001962252291
247,-2.10200646508683,-0.4477980420280996,-0.09457806498597116,0.2679734781543931,0.07402332101976053
248,-1.934944582053226,-0.4027324350040834,-0.09380579791958472,0.26314143162610293,0.09599422516111623
249,-1.8169528572322327,-0.4112269677441937,-0.0905367789562733,0.27834481119994847,0.05962317979731762
250,-1.899781699342588,-0.6136965163703149,-0.0913087600241703,0.2815267841743465,0.07541801980050405
251,-1.7700446384861022,-0.5931609203413248,-0.08502227599560211,0.2867156506567904,0.07406137602408379
252,-1.6730705693913226,-0.7997854165060063,-0.08185956074959513,0.2877344510627774,0.0555174907648204
253,-1.185961012870533,-0.6745310114424081,-0.06315824811530006,0.276926284166342,0.034482758620689655
254,-0.8167451469356645,-0.6531395875506762,-0.05501459807418283,0.28683132747413986,0.03389830508474576
255,-0.6872679986426767,-0.7023097625507838,-0.06070388983781761,0.2768559888390485,0.034482758620689655
256,-1.1789363095976584,-0.7856005421058603,-0.06458186759024728,0.28759788613050064,0.037267799624996496
257,-1.1294585615013062,-0.8262780698028521,-0.06535688064460306,0.28723764312357114,0.03665192741060711
258,-1.010431609160492,-0.8079951396808539,-0.06057692426021787,0.28286210075385065,0.03278248047860214
259,-1.287136095487813,-0.7134578964441513,-0.05263105075781902,0.28286210075385065,0.032253869436520144
260,-1.2546726115998663,-0.7136970557722484,-0.04952956310729698,0.27926887694207625,0.031742033253447585
261,-1.5814707487044757,-0.7962455517245502,-0.044288431308516396,0.2849088171679228,0.04761304988017138
262,-1.625749718956442,-0.7823648384225734,-0.053053854352238076,0.2769489089521706,0.06556496095720428
263,-1.575508403618096,-0.7812854489137805,-0.05567517584045172,0.28497856024644275,0.099717418529479
264,-1.6575166086608915,-0.7570623887460748,-0.052873704920859466,0.28497856024644275,0.04918032786885246
265,-1.5601850831831279,-0.7508757770447592,-0.048870970038098226,0.297018528098874,0.04918032786885246
266,-1.5784128216944597,-0.6747966373302297,-0.044802709031810974,0.2944843151973331,0.016129032258064516
267,-1.576299392095614,-0.6172892291240214,-0.05119526363845099,0.28308463439098897,0.03665685209016049
268,-1.677800331903216,-0.5820885803535595,-0.058115147304198284,0.2829937363473897,0.05084745762711865
269,-1.5780356268677127,-0.5671845624504019,-0.05903684192938599,0.2843942335944185,0.04999305700198
270,-1.5802569143995622,-0.5363788248888638,-0.06117978721927223,0.285307868564904,0.052704627669472995
271,-1.467279385456581,-0.33861549380399103,-0.05775314707300335,0.2790495587383825,0.04999305700198
272,-1.4588865295399063,-0.24353580406659842,-0.05746206932581568,0.2738407664974108,0.049173720717903206
273,-1.3529784527454736,-0.1688570716151233,-0.06582066581253491,0.2437234240194914,0.06892455167955776
274,-1.4921853150520914,0.1300246394605076,-0.06905313650523065,0.2447132918708095,0.07000328148073091
275,-1.5847803416127424,0.33467489240894194,-0.0707465590328547,0.23671427497244046,0.07091957274840682
276,-1.5563362262129232,0.4553059661091159,-0.05767539698677904,0.24952859248251175,0.03215367596812403
277,-1.6832308162263396,0.5974756191879531,-0.05253223663417775,0.2522367827105738,0.03533326266687867
278,-1.4560746138609015,0.5877757239133313,-0.04865884241897093,0.281076548007417,0.03160303087599848
279,-1.3060137001301295,0.6401882357292249,-0.05297009865603798,0.2777678149885512,0.04816209743009517
280,-1.4474637582371184,0.6840233142972352,-0.057225665002113034,0.2724283083858392,0.03160303087599848
281,-1.3363101597249072,0.7683959743122921,-0.059908108616932694,0.26973087237774745,0.04740454631399772
282,-1.3514699198766063,0.7526467584351981,-0.06522593742050616,0.2563828742421069,0.05244306462729605
283,-1.3981212392770348,0.8225594301262267,-0.06635456715037562,0.24206767713838329,0.04975185951049946
284,-1.16152176803591,0.8447149722282465,-0.06871095620653116,0.24229646742261085,0.06744873473156776
285,-1.185617525030737,1.0217920995460381,-0.06938273784969436,0.24029479064772566,0.05049331709069557
286,-1.0458698893468872,1.224105469954118,-0.07036966266976048,0.2336191145781744,0.03366221139379705
287,-1.0210514093971772,1.444602862594531,-0.06887985873692964,0.23917285074162914,0.05049331709069557
288,-0.8941337009376368,1.7784781318054272,-0.06696678294715963,0.2638588141881869,0.037016731642398396
289,-0.999488627161304,1.9424163144842295,-0.06345967132072595,0.2635280515484638,0.016520465011377244
290,-1.018541684974902,2.01472307100674,-0.059905743216258564,0.25874501134608213,0.016254254600023277
291,-1.0703397788676556,2.124863120498024,-0.06388252781203131,0.2615813590310151,0.03366221139379705
292,-0.8899369221371177,2.1745699493587427,-0.0672595660742496,0.2230524446141101,0.05049331709069557
293,-0.7434482091881657,2.3170619978686795,-0.06664578738664786,0.22791128800132893,0.06718183648678903
294,-0.710441101351808,2.4352199820338187,-0.0681151123869942,0.2148211453896567,0.05135149722465349
295,-0.2632842779055872,2.6504887022307453,-0.056064922469918815,0.2370055806138029,0.01621787481269647
296,-0.3209652986000054,2.653354229829936,-0.05123031183500506,0.2216635937283161,0.01621787481269647
297,-0.30926299910138577,2.6952529995296017,-0.05426684158333104,0.2362528161941171,0.022986987301618186
298,-0.5957380286482445,2.499598108616625,-0.05686215553298916,0.2327816271789409,0.016254254600023277
299,-0.4840492600599425,2.5554046462534967,-0.0608818174901616,0.23375819137329654,0.016254254600023277
300,-0.675257488864577,2.4198966586040194,-0.0613309248115012,0.2401786924730821,0.032573117099222816
301,-0.7242422537095636,2.5021001650250554,-0.059365562729401085,0.2439136380451512,0.016254254600023277
302,-0.7138433052653977,2.560001747838707,-0.06329570797430742,0.2329431914152179,0.037016731642398396
303,-0.7218065840737963,2.5560069755640384,-0.05995618485720584,0.23794387794473532,0.032573117099222816
304,-0.7318180368949749,2.504187389188887,-0.062116083216592934,0.2329431914152179,0.016254254600023277
305,-0.683856321052032,2.4982135847521145,-0.06373447660878034,0.24549026497098855,0.03304093002275449
306,-0.6720326932125222,2.505261760401397,-0.06281929800307141,0.23758801675910493,0.016520465011377244
307,-0.6459941860349128,2.466412342672469,-0.06149475009797732,0.24357312825352267,0.016254254600023277
308,-0.6565112358199091,2.4390857881612726,-0.06357716592041358,0.24593817585724534,0.0331087713029081
309,-0.6722112667340773,2.531601710620303,-0.06575892100734086,0.23919088568823077,0.016520465011377244
310,-0.8558346871547756,2.35385299192825,-0.06681778958798258,0.2439136380451512,0.04956139503413173
311,-0.8069513807071379,2.381284768791054,-0.06544066229193869,0.25089387122330564,0.03304093002275449
312,-0.7810700693260195,2.2875958013501454,-0.06637947729267812,0.2468185815474684,0.049663156954362145
313,-0.7991804813372507,2.128539055184983,-0.06635812631464365,0.24308596051834663,0.05140046620434272
314,-0.907435863797401,1.984845957396535,-0.06323896729522144,0.2356360290482311,0.0331087713029081
315,-1.0449256918143253,1.8040685112799533,-0.06378559310072138,0.21762283219662582,0.0331087713029081
316,-0.9893093264216859,1.628770684280974,-0.06117052176605852,0.22633894639175134,0.016520465011377244
317,-1.2107704258187413,1.5196019657747515,-0.06440536104174241,0.22403540174415637,0.03304093002275449
318,-1.2019801572129254,1.3732424757098225,-0.06162365718214799,0.23231910653607746,0.03694088278534636
319,-1.1319286703445401,1.3369467146004341,-0.06243994047229174,0.23274392343863318,0.032508509200046554
320,-1.268070971799103,1.371068827751786,-0.0627003832465278,0.23776870355418195,0.03694088278534636
321,-1.3189298862802215,1.3129915698043975,-0.06736692827016151,0.25075756482142686,0.03296454509560992
322,-1.2760490143056225,1.331872674947063,-0.06920687280647986,0.25074399358563365,0.03351066437142453
323,-1.2289217310778888,1.346822943102223,-0.06835877202933124,0.2447532090836128,0.03296454509560992
324,-1.4485457473416232,1.4278946323790944,-0.07344582320881789,0.26437067886817905,0.05401067356374851
325,-1.0673183120507181,1.376772480588597,-0.06596117056302134,0.26187120123307817,0.03342164602150724
326,-1.1865170427476461,1.4138416749380056,-0.07251120838993942,0.2522308444052501,0.01671082301075362
327,-1.2777023502402156,1.3613052525402958,-0.06878172603323962,0.2385389410618484,0.016939422832878557
328,-1.332854015160096,1.5002862608681862,-0.075979123795974,0.2437906998607819,0.017037481092399637
329,-1.2865253782327544,1.722258352115691,-0.07268817633983218,0.24443951312615037,0.03407496218479927
330,-1.2719824374202542,1.879286993166349,-0.0698678025206043,0.24271875571221105,0.016755332185712266
331,-1.1493054608727165,2.2006442601405936,-0.07725895046403781,0.2425159224954739,0.03359091824339452
332,-1.4101447446884727,2.4296310563534083,-0.07324876350287046,0.2650806785811417,0.016520465011377244
333,-1.0813995525889433,2.6734418192010514,-0.06725464997834169,0.26025036167000026,0.01621787481269647
334,-1.2173304749255311,2.741642224783422,-0.06682344468422968,0.25838997517979967,0.0
335,-1.1515130378657785,2.9820595955478977,-0.06448085657164443,0.26705125778083283,0.0
336,-1.0140925116665154,3.0955124458842738,-0.060891902591594486,0.27658557481740487,0.0
337,-1.1683780575194895,3.211408296849735,-0.06103988392015767,0.25808664542839593,0.0
338,-0.9955280070592006,3.219683456424076,-0.06115044180129909,0.2509607065715275,0.02293553851298437
339,-1.2857636126217973,3.190234581140547,-0.05846198070076478,0.25046006841177526,0.0
340,-1.388194207414468,3.262882839792951,-0.05961249849298732,0.2581087030971828,0.0
341,-1.4493571409103494,3.26669915014278,-0.06777934704010848,0.2445476916401582,0.0
342,-1.4601770957794606,3.429417216886546,-0.07545135030482227,0.27047712108640104,0.016177502706648094
343,-1.582356580675668,3.5179594141275246,-0.08499338217883078,0.27005470171517304,0.01648227254780496
344,-2.0403500560757375,3.5084162976287803,-0.07693300840982097,0.29054115863859054,0.015996417203774597
345,-2.2082052939751167,3.4086337071294226,-0.07863874313034552,0.2800694795183132,0.02262235015895634
346,-2.1582271146616283,3.2863184718298752,-0.07491544559068557,0.2745255875392162,0.015961737689352443
347,-2.141672088050071,3.136283043118884,-0.07829381225763718,0.27677353858405984,0.015961737689352443
348,-2.018161002775259,3.1428026417301136,-0.08183820821395464,0.2773054623355877,0.023695618019100723
349,-1.88977013941627,3.19599894764037,-0.09417366520534766,0.284600792127473,0.034159349284257755
350,-1.672311061097816,2.984354630579965,-0.07716841307828222,0.29551614536079396,0.016439898730535727
351,-1.7126740305978834,3.0975167619354456,-0.07008515484226617,0.27612834946256565,0.01639344262295082
352,-1.7258974185102767,3.0224473464678674,-0.0698109906219146,0.2847811875880396,0.023249527748763855
353,-1.7918290874970522,3.1079783249707416,-0.07209768584056615,0.27406979954437827,0.016177502706648094
354,-1.7706691304774116,2.9719261649282567,-0.06996373677349298,0.2745255875392162,0.01613322979418192
355,-1.7892995074691345,2.8797190822165306,-0.07138860494230148,0.2539584056991082,0.01613322979418192
356,-1.4009171736051214,2.762519403016015,-0.07701830308096994,0.25532064548485456,0.032879797461071454
357,-1.7352700021158978,2.8320305423658256,-0.0855550515111178,0.26351040616679394,0.05013246903226087
358,-1.7868705531915123,2.64535251381913,-0.08401744874991547,0.2621632929696297,0.08377666092856133
359,-1.9666491936886066,2.36199471784428,-0.06878035255507954,0.2738190901752682,0.06575959492214291
360,-1.9474941174538032,2.249860219799195,-0.06129548721146006,0.27604069722766506,0.03142696805273545
361,-1.6077049471051204,2.3777201312300966,-0.05870386668735087,0.2659379743950455,0.01567675442007084
362,-1.813825242011072,2.2861899941645794,-0.059192653342949535,0.28196955118094225,0.01574656713048096
363,-1.963787213247296,2.0711542616843106,-0.062091744845841894,0.27874246254348195,0.031992834407549194
364,-2.039072850214597,2.0210548490919646,-0.06805961353893317,0.2782826161210219,0.016520465011377244
365,-1.9023122301414641,1.8105793707290982,-0.07407786512718237,0.2921079136339176,0.023363465675799888
366,-1.7081836684668026,1.9395761231524402,-0.07108026949789917,0.2888165009177749,0.03296454509560992
367,-1.6797731556718125,1.9809390154846866,-0.06773263943682124,0.2872275170006343,0.01648227254780496
368,-1.5442922532439918,1.9335655811899923,-0.07211013257105865,0.29723376883603325,0.03351066437142453
369,-1.6141224273667296,2.0650664587510907,-0.07191663777668182,0.29261784942134517,0.016755332185712266
370,-1.646413204488573,2.1602703949431783,-0.07289128793291497,0.29522929230956674,0.03296454509560992
371,-1.444619243853984,2.2829059280407655,-0.07464383570176716,0.296186826422093,0.016439898730535727
372,-1.397819343449221,2.3381501060035426,-0.06917888409178789,0.29812765842238476,0.03296454509560992
373,-1.5093912479326521,2.4597994146843964,-0.07212519679201944,0.30466319617574433,0.016439898730535727
374,-1.7034195604027018,2.5708002343128946,-0.06893538241932512,0.29953203904883746,0.01621787481269647
375,-1.850844008458024,2.5398499620430894,-0.0601567432856256,0.29394367442235225,0.01567675442007084
376,-1.8691160821839277,2.572124862087422,-0.05909841654099815,0.3006679088049011,0.0
377,-1.8226058405682037,2.5687560850273474,-0.05953796995681259,0.30174441172934263,0.01567675442007084
378,-1.8114757978009446,2.5720853423497267,-0.05768276727828035,0.30180350942692885,0.0
379,-1.7176844811967098,2.5622793610610826,-0.0639601175066255,0.3022649748235948,0.015961737689352443
380,-1.6966885064764923,2.44760365973621,-0.07147853338120928,0.3115518073675799,0.016439898730535727
381,-1.9043100300311895,2.2976364577095674,-0.07920492305806073,0.2905095344534845,0.03342164602150724
382,-1.7678599847364598,2.395772189080227,-0.07468938341326654,0.31479431873858477,0.016177502706648094
383,-1.6918806952731076,2.483912587277517,-0.07077392778740242,0.2963332756707515,0.01592324388246205
384,-1.758448632402367,2.5206390122995757,-0.06906955134744393,0.2935182323212886,0.02251886745555225
385,-1.5629943460810725,2.6326306074206527,-0.06458186759024728,0.26036270955530266,0.022878443733069187
386,-1.5215915337976225,2.575672113330395,-0.06845682104517073,0.26365947621356556,0.016439898730535727
387,-1.620389356789596,2.543111359952866,-0.06612709648301025,0.24153737336034167,0.032879797461071454
388,-1.5917544249753717,2.3797538673435876,-0.06841264733418374,0.24582610551077536,0.03296454509560992
389,-1.5593519042100896,2.246679639493832,-0.07413586719013428,0.24433027416412106,0.05224229744107161
390,-1.568587539961722,2.241180464919365,-0.07393873006852257,0.25369207807993505,0.03351066437142453
391,-1.4110373060179768,2.1038482748871163,-0.06522955816698653,0.2641573160415689,0.03235500541329619
392,-1.507219583986322,2.1739390911302885,-0.05958475939903553,0.2738967226997795,0.0158810204201071
393,-1.6449781658377394,2.2649871316778314,-0.06353852079798722,0.2679354694712376,0.016177502706648094
394,-1.6250530276757347,2.1831274897351043,-0.0633195835752129,0.2501166527171609,0.016177502706648094
395,-1.6141334888746974,2.199698116817754,-0.0654045626729712,0.26186915387074516,0.016177502706648094
396,-1.8103249153291976,2.2648779987125573,-0.06111953666612756,0.24753127371535155,0.0
397,-1.8889723835695926,2.129070487932576,-0.0621138018994555,0.24753127371535155,0.016177502706648094
398,-1.956459390438326,1.8734003860531094,-0.06755807228787465,0.23815368656780977,0.01648227254780496
399,-1.9888791749923118,1.796922777601308,-0.06794987014506873,0.24604006568453027,0.03296454509560992
400,-1.7386603850843334,1.6076433651114825,-0.06631611600453968,0.2523864678568925,0.032879797461071454
401,-1.7953658958003889,1.5214832833229144,-0.06788867032329765,0.2614190223901951,0.03296454509560992
402,-1.8601806705067343,1.4644804239237605,-0.06387661235235133,0.2537666071352527,0.03235500541329619
403,-1.8503610448757843,1.4631099440270223,-0.06715765917956047,0.24919743275308615,0.036855481840570546
404,-1.8204924883738818,1.5265966076839728,-0.06895182529437326,0.26199105234015024,0.04944681764341488
405,-1.774879436025955,1.5246657428696082,-0.06677748316514986,0.24907454930230455,0.052985012659578126
406,-1.8145980655410097,1.4864449372847457,-0.06618564321820752,0.2602956204903404,0.05284426228993388
407,-1.856856031095778,1.4308540040384368,-0.07616725961434832,0.26133286942509926,0.06814992436959855
408,-1.6965487752542072,1.489148156093978,-0.07391061599603056,0.2620419411359276,0.06814992436959855
409,-1.494770370005273,1.4493753586361189,-0.07194027858087028,0.26554991905591063,0.06831869856851551
410,-1.3873597764222627,1.2565894865367953,-0.06099266188987893,0.2717390323158029,0.03235500541329619
411,-1.4698231153838592,1.1828487806269186,-0.0575474952865538,0.27157436374214344,0.03235500541329619
412,-1.620702166237187,1.183420442234269,-0.057029707358781226,0.2604738563046703,0.032879797461071454
413,-1.6986424243905873,1.1103783470511346,-0.06619777447579292,0.26460528262380123,0.05212152226673018
414,-1.690251988537559,1.159933359800141,-0.06728624718467889,0.2667235809753299,0.03746606175284276
415,-1.7129449498012248,1.1856420660221645,-0.07037771703685386,0.2742098049630054,0.03809696588797297
416,-1.649232795499903,1.1146003776610787,-0.07207016438750793,0.24834652967297205,0.05387724584403653
417,-1.7579812333162368,1.056142081502258,-0.07247146140099553,0.2447695326564966,0.0502659965571368
418,-1.6339752366662528,1.0840190080612406,-0.06776610487059723,0.23766855046046548,0.052985012659578126
419,-1.7113507808528945,1.031729370043071,-0.06594613080145578,0.2327573652998186,0.032879797461071454
420,-1.7343275143315018,1.007712933781231,-0.06519913764719379,0.2549257923744047,0.03296454509560992
421,-1.4993056940742684,1.0185617650486756,-0.06885379515987498,0.2612465781201206,0.03296454509560992
422,-1.4600833466404772,1.299423790264029,-0.07932589170919557,0.28698608742074966,0.03465834966066909
423,-1.5624996169948937,1.1405422979417619,-0.08142042447288456,0.27299082315025736,0.03526179897416781
424,-1.8478136630364765,1.0009199690708348,-0.0915391880290344,0.27454384184420205,0.03598496142852769
425,-2.1755307771652577,1.1818131057214087,-0.08789217492790953,0.2530148328730042,0.05212073563957075
426,-2.2487468593969226,1.2745542715678404,-0.08859392534059723,0.24748148302208506,0.03423433148310233
427,-1.782239213993569,1.2289738105250574,-0.07925380947038345,0.26219788793707227,0.03366221139379705
428,-1.6962177899012698,1.2834557665652504,-0.06799295512448504,0.27371668586090614,0.016027205229701
429,-1.3911432005959201,1.5222767138321878,-0.06677465373066847,0.2704050866026806,0.016314711653683207
430,-1.4426860844371607,1.5268194603943035,-0.05884852105193525,0.274008916984949,0.016076837984062016
431,-1.469321768392246,1.2776106652873869,-0.05357392009633916,0.27395908467332303,0.015355567229582588
432,-1.2099990290354505,1.3347897248989724,-0.05318545770615052,0.26208982099354616,0.015594571538795133
433,-1.2341786943553574,1.123254962480047,-0.05544052390086809,0.25945287444394693,0.015607862099528717
434,-1.2819252236652032,0.8964590911192162,-0.05608176991379627,0.2764758574330398,0.032253869436520144
435,-1.3723210303842444,0.8257850414712797,-0.058662011240416236,0.27062696722916246,0.032253869436520144
436,-1.263135832341485,0.6562911821554758,-0.06296274953780835,0.2804065146906658,0.05
437,-1.1813881302100724,0.5101996702752125,-0.06396454836073756,0.2777945601744407,0.04999305700198
438,-1.32782687398212,0.3706326946681033,-0.06053480332042083,0.2642418277443972,0.050840155629863056
439,-1.2162725106229333,0.23606914622981406,-0.062469436263984275,0.24940970439246596,0.05081826849863567
440,-1.3326888959797205,0.09551137962537398,-0.06753919203959007,0.23248390869670416,0.06892455167955776
441,-1.669788818665797,0.18581900266239088,-0.06253367375934667,0.24130142998460735,0.05169341375966832
442,-1.746545323979435,-0.028293682499843095,-0.053014666031159154,0.25778668240408553,0.03278248047860214
443,-1.6694490477950923,-0.03570257220070651,-0.046966553112053055,0.2518076761256116,0.04912095919979347
444,-1.4981261804003214,-0.23179111650280157,-0.042902668567840335,0.26035942600959994,0.032747306133195646
445,-1.53860755034726,-0.27405523151056527,-0.047286285576979246,0.2584482806794615,0.04993761694389223
446,-1.8277219653734151,-0.48540512088659094,-0.04426816273484249,0.25213225808017065,0.03329174462926149
447,-1.6301115932107262,-0.4578782598112201,-0.05184710849727301,0.26453447055022816,0.05078185267991494
448,-1.7462091001367528,-0.7524235577858355,-0.048577232610649404,0.26330931416325837,0.05078185267991494
449,-2.100754513298818,-0.9200064867837897,-0.049916195853714165,0.27762998313161624,0.04993761694389223
450,-2.0984052227047303,-0.7632468159305756,-0.05257537836329466,0.2785662064687008,0.0688734472373868
451,-2.5192230031015104,-0.732021710125185,-0.051738581524307686,0.28125555986679274,0.08463642113319157
452,-2.3956171388068093,-0.7013276746290229,-0.04938343675301455,0.28263750066241033,0.03661260129691063
453,-2.586908043505769,-0.6373526218919764,-0.044279898303031195,0.3037340396876594,0.03599078753743473
454,-2.4002579731925056,-0.6022114956367137,-0.04373140295335922,0.2878113319335308,0.04912095919979347
455,-2.4934211145333713,-0.5926799866081613,-0.05593502718549422,0.2808353736592959,0.06770913690655325
456,-2.5247689603126644,-0.515494381762649,-0.04548905987229414,0.25448562705751393,0.04912095919979347
457,-2.466599863584928,-0.43906774050090613,-0.04645894472614801,0.2488158443767295,0.04993761694389223
458,-2.436375154701759,-0.44703644732439973,-0.04742393447299452,0.24639944990646157,0.06863268978376728
459,-2.2591247744636953,-0.4249003274617761,-0.050783960751971724,0.26055800738946955,0.06658348925852298
460,-2.2767504607394407,-0.29345656593946656,-0.03584121836033253,0.27946017081169466,0.015594571538795133
461,-2.39266001583649,-0.23753086642480373,-0.036212259426920655,0.29374197925078116,0.031189143077590267
462,-2.4974799848529305,-0.2585449677671835,-0.04045473246477434,0.28881386774572093,0.03168223659139097
463,-2.4103034586877703,-0.35819466646957887,-0.049968214072025716,0.2765281294101586,0.033259505261886965
464,-2.5220982383816644,-0.2573719687694723,-0.05095666738654906,0.285137632754361,0.04988925789283045
465,-2.6530357355253353,-0.22621920614068525,-0.052587954700841676,0.2793466167212758,0.05078185267991494
466,-2.459821055957663,-0.2779205966626007,-0.05442068681685531,0.2683675330207549,0.049972245348957715
467,-2.197950102453384,-0.2974911278648432,-0.0585524016932702,0.26383059469021186,0.050840155629863056
468,-2.076102099146104,-0.3852521641281037,-0.06414005869777699,0.26847587745830226,0.053597926443531854
469,-1.960132738554493,-0.701877105192351,-0.06669183966558954,0.26660588459994516,0.050840155629863056
470,-1.9071102847024133,-0.7220556690915725,-0.06447865892252322,0.2636341553446968,0.05169341375966832
471,-1.7377603455175137,-0.7018164674572362,-0.06593825146206432,0.2553930309462664,0.05078185267991494
472,-1.8707557861613588,-0.7126545073666632,-0.06750141570052055,0.26028917702448107,0.05078185267991494
473,-1.9305744076206661,-0.5567369112834842,-0.06297250137702703,0.24813286302840315,0.04993761694389223
474,-1.9113245488373474,-0.5944820579980876,-0.0609709739569963,0.25163901566746527,0.033259505261886965
475,-1.727974642991755,-0.79658758641883,-0.059531622794410086,0.24378011742955638,0.03329174462926149
476,-1.6355607539798784,-0.8530172803694477,-0.05891269787086633,0.23492723792086873,0.04993761694389223
477,-1.5789295786067614,-0.8191862632352008,-0.06119291087646925,0.24604864700470355,0.03382066786839581
478,-1.4481527312907851,-0.8922302106385708,-0.06346562564236612,0.22721248643361686,0.06963354490585097
479,-1.2079331105038227,-0.8218973524242406,-0.06627692986919448,0.24871121707440358,0.05073100180259372
480,-1.1835517907625808,-0.8002916882737668,-0.06960024765196654,0.2523280274996707,0.0516015687115336
481,-1.0145867259258776,-0.7834764428042986,-0.0682564301994606,0.2523280274996707,0.05066584601170837
482,-0.8382954809922756,-0.7336394028844059,-0.06736973282994584,0.2555051422665285,0.05066584601170837
483,-0.7697445870206998,-0.6351046607063527,-0.06691880235727221,0.25812487047764243,0.03382066786839581
484,-0.6610897219467862,-0.5380978597513364,-0.06318516596626589,0.26017532547991484,0.04982728791224398
485,-0.7633309149681692,-0.5080251304246849,-0.06113730902774497,0.2526731040156407,0.033218191941495986
486,-0.5515225426939887,-0.46685168014625356,-0.05803381273584199,0.26313406282198426,0.033259505261886965
487,-0.6735499356566668,-0.3546653547782905,-0.05724959688362645,0.27036579292375335,0.03267729577810861
488,-0.7330577849590441,-0.29550199328700877,-0.05560131634821442,0.27056342217025964,0.01635831064016904
489,-0.698750427208791,-0.26096131480006235,-0.05595529044129027,0.2707690019537621,0.03271662128033808
490,-0.8605763374349223,-0.24113289050441575,-0.0526220753231867,0.26672050126827485,0.01609556949949126
491,-1.0809828604478957,-0.244378625355594,-0.05433121405161553,0.2615457169633835,0.03215367596812403
492,-1.0983409037476823,-0.20229631234402318,-0.05385268487660274,0.26672050126827485,0.03215367596812403
493,-1.082970206650697,-0.10651424888310176,-0.05368137632024161,0.2693338589042061,0.016076837984062016
494,-1.1676602485357486,-0.04828757769121763,-0.05361093753341277,0.2492617128027831,0.03215367596812403
495,-1.3681679169668324,-0.042817809817690865,-0.0511491110015175,0.2410409010188142,0.01605403247669839
